{"r_squared": 0.41921340101228843, "loss": 0.7098440794694808, "_timestamp": 1685568462.022051, "_runtime": 2375.457993030548, "_step": 49, "_wandb": {"runtime": 2374}}