{"r_squared": 0.3706119439953771, "loss": 0.806930218221379, "_timestamp": 1685557400.7475424, "_runtime": 21.312455415725708, "_step": 29, "_wandb": {"runtime": 20}}