{"r_squared": 0.39928728007159303, "loss": 0.7367431196954942, "_timestamp": 1685563791.92587, "_runtime": 405.52890396118164, "_step": 49, "_wandb": {"runtime": 405}}