{"r_squared": 0.3862475468011877, "loss": 0.7539696520374667, "_timestamp": 1685559857.5676892, "_runtime": 344.3137011528015, "_step": 49, "_wandb": {"runtime": 343}}