{"r_squared": 0.4102766124827515, "loss": 0.7218578976969565, "_timestamp": 1685560793.6869977, "_runtime": 438.1676187515259, "_step": 49, "_wandb": {"runtime": 437}}