{"r_squared": 0.4010847840216375, "loss": 0.7343333721641572, "_timestamp": 1685560331.097687, "_runtime": 414.3918299674988, "_step": 53, "_wandb": {"runtime": 415}}