{"r_squared": 0.3992869430436183, "loss": 0.7367434275727118, "_timestamp": 1685566052.5821848, "_runtime": 297.2356548309326, "_step": 49, "_wandb": {"runtime": 296}}