{"r_squared": 0.37061209395550615, "loss": 0.8069301503045219, "_timestamp": 1685557456.3747802, "_runtime": 22.873629093170166, "_step": 29, "_wandb": {"runtime": 22}}