{"r_squared": 0.41280172907310897, "loss": 0.7189538877817893, "_timestamp": 1685563311.604427, "_runtime": 1319.6651241779327, "_step": 25, "_wandb": {"runtime": 1342}}